{
  "project_info": {
    "project_number": "179444285409",
    "firebase_url": "https://givelife-ed9ef.firebaseio.com",
    "project_id": "givelife-ed9ef",
    "storage_bucket": "givelife-ed9ef.appspot.com"
  },
  "client": [
    {
      "client_info": {
        "mobilesdk_app_id": "1:179444285409:android:663557bd52e33bb7",
        "android_client_info": {
          "package_name": "com.example.mj.givelife"
        }
      },
      "oauth_client": [
        {
          "client_id": "179444285409-b4fo7e7v65cvph1uk9285f4ivfu14hhe.apps.googleusercontent.com",
          "client_type": 1,
          "android_info": {
            "package_name": "com.example.mj.givelife",
            "certificate_hash": "0b9acf2daec8973800ad2daf8b63f6dc4e687491"
          }
        },
        {
          "client_id": "179444285409-or0g3tqi3jfipie0503u2u94fjv88jtr.apps.googleusercontent.com",
          "client_type": 3
        }
      ],
      "api_key": [
        {
          "current_key": "AIzaSyACoFAQLMrVvuyh8LQ-YyiBlUQBNPyJbJY"
        }
      ],
      "services": {
        "analytics_service": {
          "status": 1
        },
        "appinvite_service": {
          "status": 2,
          "other_platform_oauth_client": [
            {
              "client_id": "179444285409-or0g3tqi3jfipie0503u2u94fjv88jtr.apps.googleusercontent.com",
              "client_type": 3
            }
          ]
        },
        "ads_service": {
          "status": 2
        }
      }
    }
  ],
  "configuration_version": "1"
}